# PCs|Apps|Language|Automatic (console language)|Bitrate|Start|Stop app|Remove|Add a PC|Back|Cancel|Update now|Version|Pairing|Address|Port|Ready|Thanks|Try again|Files|None|Tip|Warning|Audio|Video|Online|Offline|Unpaired|Settings
bg	Компютри|Приложения|Език|Автоматично (език на конзолата)|Битрейт|Старт|Спиране на приложението|Премахване|Добавяне на компютър|Назад|Отказ|Обновяване сега|Версия|Сдвояване|Адрес|Порт|Готово|Благодарности|Опитайте отново|Файлове|Няма|Съвет|Предупреждение|Звук|Видео|В мрежата|Извън мрежата|Не е сдвоен|Настройки
ckb	کۆمپیوتەرەکان|بەرنامەکان|زمان|خۆکار (زمانی کۆنسۆڵ)|بیتڕەیت|دەستپێکردن|وەستاندنی بەرنامە|سڕینەوە|زیادکردنی کۆمپیوتەر|گەڕانەوە|هەڵوەشاندنەوە|ئێستا نوێ بکەرەوە|وەشان|جووتکردن|ناونیشان|پۆرت|ئامادە|سوپاس|دووبارە هەوڵ بدەرەوە|فایلەکان|هیچ|ئامۆژگاری|ئاگاداری|دەنگ|ڤیدیۆ|لەسەر تۆڕ|دەرەوەی تۆڕ|جووت نەکراوە|ڕێکخستنەکان
cs	Počítače|Aplikace|Jazyk|Automaticky (jazyk konzole)|Datový tok|Spustit|Zastavit aplikaci|Odebrat|Přidat PC|Zpět|Zrušit|Aktualizovat nyní|Verze|Párování|Adresa|Port|Připraveno|Poděkování|Zkusit znovu|Soubory|Žádné|Tip|Varování|Zvuk|Video|Online|Offline|Nespárováno|Nastavení
de	Computer|Anwendungen|Sprache|Automatisch (Konsolensprache)|Bitrate|Starten|App beenden|Entfernen|PC hinzufügen|Zurück|Abbrechen|Jetzt aktualisieren|Version|Kopplung|Adresse|Port|Bereit|Danksagung|Erneut versuchen|Dateien|Keine|Tipp|Warnung|Audio|Video|Online|Offline|Nicht gekoppelt|Einstellungen
el	Υπολογιστές|Εφαρμογές|Γλώσσα|Αυτόματα (γλώσσα κονσόλας)|Ρυθμός bit|Έναρξη|Διακοπή εφαρμογής|Αφαίρεση|Προσθήκη υπολογιστή|Πίσω|Ακύρωση|Ενημέρωση τώρα|Έκδοση|Σύζευξη|Διεύθυνση|Θύρα|Έτοιμο|Ευχαριστίες|Δοκιμάστε ξανά|Αρχεία|Κανένα|Συμβουλή|Προειδοποίηση|Ήχος|Βίντεο|Σε σύνδεση|Εκτός σύνδεσης|Χωρίς σύζευξη|Ρυθμίσεις
eo	Komputiloj|Aplikaĵoj|Lingvo|Aŭtomate (lingvo de la konzolo)|Bitrapido|Komenci|Ĉesigi aplikaĵon|Forigi|Aldoni komputilon|Reen|Nuligi|Ĝisdatigi nun|Versio|Parigo|Adreso|Pordo|Preta|Dankoj|Provi denove|Dosieroj|Neniu|Konsilo|Averto|Sono|Video|Reta|Senreta|Neparigita|Agordoj
es	Ordenadores|Aplicaciones|Idioma|Automático (idioma de la consola)|Bitrate|Iniciar|Detener aplicación|Eliminar|Añadir PC|Atrás|Cancelar|Actualizar ahora|Versión|Emparejamiento|Dirección|Puerto|Listo|Agradecimientos|Reintentar|Archivos|Ninguno|Consejo|Advertencia|Audio|Vídeo|En línea|Sin conexión|Sin emparejar|Ajustes
et	Arvutid|Rakendused|Keel|Automaatne (konsooli keel)|Bitikiirus|Alusta|Peata rakendus|Eemalda|Lisa arvuti|Tagasi|Tühista|Uuenda kohe|Versioon|Sidumine|Aadress|Port|Valmis|Tänu|Proovi uuesti|Failid|Puudub|Vihje|Hoiatus|Heli|Video|Võrgus|Võrguühenduseta|Sidumata|Seaded
fr	Ordinateurs|Applications|Langue|Automatique (langue de la console)|Débit|Démarrer|Arrêter l’application|Supprimer|Ajouter un PC|Retour|Annuler|Mettre à jour|Version|Association|Adresse|Port|Prêt|Remerciements|Réessayer|Fichiers|Aucun|Conseil|Avertissement|Audio|Vidéo|En ligne|Hors ligne|Non associé|Paramètres
he	מחשבים|יישומים|שפה|אוטומטי (שפת הקונסולה)|קצב סיביות|התחלה|עצירת היישום|הסרה|הוספת מחשב|חזרה|ביטול|עדכון כעת|גרסה|צימוד|כתובת|יציאה|מוכן|תודות|ניסיון נוסף|קבצים|אין|טיפ|אזהרה|שמע|וידאו|מקוון|לא מקוון|לא מצומד|הגדרות
hi	कंप्यूटर|ऐप|भाषा|स्वचालित (कंसोल की भाषा)|बिटरेट|शुरू करें|ऐप रोकें|हटाएँ|पीसी जोड़ें|वापस|रद्द करें|अभी अपडेट करें|संस्करण|पेयरिंग|पता|पोर्ट|तैयार|धन्यवाद|फिर कोशिश करें|फ़ाइलें|कोई नहीं|सुझाव|चेतावनी|ऑडियो|वीडियो|ऑनलाइन|ऑफ़लाइन|पेयर नहीं है|सेटिंग्स
hu	Számítógépek|Alkalmazások|Nyelv|Automatikus (konzol nyelve)|Bitráta|Indítás|Alkalmazás leállítása|Eltávolítás|PC hozzáadása|Vissza|Mégse|Frissítés most|Verzió|Párosítás|Cím|Port|Kész|Köszönet|Újrapróbálás|Fájlok|Nincs|Tipp|Figyelmeztetés|Hang|Videó|Online|Offline|Nincs párosítva|Beállítások
it	Computer|Applicazioni|Lingua|Automatico (lingua della console)|Bitrate|Avvia|Arresta app|Rimuovi|Aggiungi PC|Indietro|Annulla|Aggiorna ora|Versione|Associazione|Indirizzo|Porta|Pronto|Ringraziamenti|Riprova|File|Nessuno|Suggerimento|Avviso|Audio|Video|Online|Offline|Non associato|Impostazioni
ja	コンピューター|アプリ|言語|自動（本体の言語）|ビットレート|開始|アプリを停止|削除|PCを追加|戻る|キャンセル|今すぐ更新|バージョン|ペアリング|アドレス|ポート|準備完了|謝辞|再試行|ファイル|なし|ヒント|警告|音声|映像|オンライン|オフライン|未ペアリング|設定
ko	컴퓨터|앱|언어|자동 (콘솔 언어)|비트레이트|시작|앱 중지|제거|PC 추가|뒤로|취소|지금 업데이트|버전|페어링|주소|포트|준비됨|감사 인사|다시 시도|파일|없음|팁|경고|오디오|비디오|온라인|오프라인|페어링되지 않음|설정
lt	Kompiuteriai|Programos|Kalba|Automatiškai (konsolės kalba)|Bitų sparta|Pradėti|Sustabdyti programą|Pašalinti|Pridėti PC|Atgal|Atšaukti|Atnaujinti dabar|Versija|Susiejimas|Adresas|Prievadas|Paruošta|Padėkos|Bandyti dar kartą|Failai|Nėra|Patarimas|Įspėjimas|Garsas|Vaizdas|Prisijungęs|Neprisijungęs|Nesusietas|Nustatymai
nb_NO	Datamaskiner|Apper|Språk|Automatisk (konsollspråk)|Bitrate|Start|Stopp app|Fjern|Legg til PC|Tilbake|Avbryt|Oppdater nå|Versjon|Paring|Adresse|Port|Klar|Takk|Prøv igjen|Filer|Ingen|Tips|Advarsel|Lyd|Video|Tilkoblet|Frakoblet|Ikke paret|Innstillinger
nl	Computers|Apps|Taal|Automatisch (consoletaal)|Bitrate|Starten|App stoppen|Verwijderen|PC toevoegen|Terug|Annuleren|Nu bijwerken|Versie|Koppeling|Adres|Poort|Gereed|Dankwoord|Opnieuw proberen|Bestanden|Geen|Tip|Waarschuwing|Audio|Video|Online|Offline|Niet gekoppeld|Instellingen
pl	Komputery|Aplikacje|Język|Automatyczny (język konsoli)|Bitrate|Uruchom|Zatrzymaj aplikację|Usuń|Dodaj PC|Wstecz|Anuluj|Aktualizuj teraz|Wersja|Parowanie|Adres|Port|Gotowe|Podziękowania|Spróbuj ponownie|Pliki|Brak|Wskazówka|Ostrzeżenie|Dźwięk|Wideo|Online|Offline|Niesparowany|Ustawienia
pt	Computadores|Aplicações|Idioma|Automático (idioma da consola)|Bitrate|Iniciar|Parar aplicação|Remover|Adicionar PC|Voltar|Cancelar|Atualizar agora|Versão|Emparelhamento|Endereço|Porta|Pronto|Agradecimentos|Tentar novamente|Ficheiros|Nenhum|Dica|Aviso|Áudio|Vídeo|Ligado|Desligado|Não emparelhado|Definições
pt_BR	Computadores|Aplicativos|Idioma|Automático (idioma do console)|Bitrate|Iniciar|Parar aplicativo|Remover|Adicionar PC|Voltar|Cancelar|Atualizar agora|Versão|Pareamento|Endereço|Porta|Pronto|Agradecimentos|Tentar novamente|Arquivos|Nenhum|Dica|Aviso|Áudio|Vídeo|Online|Offline|Não pareado|Configurações
sv	Datorer|Appar|Språk|Automatiskt (konsolens språk)|Bithastighet|Starta|Stoppa app|Ta bort|Lägg till PC|Tillbaka|Avbryt|Uppdatera nu|Version|Parkoppling|Adress|Port|Klar|Tack|Försök igen|Filer|Ingen|Tips|Varning|Ljud|Video|Online|Offline|Inte parkopplad|Inställningar
ta	கணினிகள்|பயன்பாடுகள்|மொழி|தானாக (கன்சோல் மொழி)|பிட்ரேட்|தொடங்கு|பயன்பாட்டை நிறுத்து|அகற்று|கணினியைச் சேர்|பின்|ரத்து|இப்போது புதுப்பி|பதிப்பு|இணைத்தல்|முகவரி|போர்ட்|தயார்|நன்றி|மீண்டும் முயற்சி|கோப்புகள்|எதுவுமில்லை|குறிப்பு|எச்சரிக்கை|ஒலி|காணொளி|இணையத்தில்|இணையமின்றி|இணைக்கப்படவில்லை|அமைப்புகள்
th	คอมพิวเตอร์|แอป|ภาษา|อัตโนมัติ (ภาษาคอนโซล)|บิตเรต|เริ่ม|หยุดแอป|ลบ|เพิ่ม PC|ย้อนกลับ|ยกเลิก|อัปเดตตอนนี้|เวอร์ชัน|การจับคู่|ที่อยู่|พอร์ต|พร้อม|ขอบคุณ|ลองอีกครั้ง|ไฟล์|ไม่มี|เคล็ดลับ|คำเตือน|เสียง|วิดีโอ|ออนไลน์|ออฟไลน์|ยังไม่จับคู่|การตั้งค่า
tr	Bilgisayarlar|Uygulamalar|Dil|Otomatik (konsol dili)|Bit hızı|Başlat|Uygulamayı durdur|Kaldır|PC ekle|Geri|İptal|Şimdi güncelle|Sürüm|Eşleştirme|Adres|Bağlantı noktası|Hazır|Teşekkürler|Yeniden dene|Dosyalar|Yok|İpucu|Uyarı|Ses|Video|Çevrimiçi|Çevrimdışı|Eşleştirilmemiş|Ayarlar
uk	Комп’ютери|Застосунки|Мова|Автоматично (мова консолі)|Бітрейт|Запустити|Зупинити застосунок|Видалити|Додати ПК|Назад|Скасувати|Оновити зараз|Версія|Сполучення|Адреса|Порт|Готово|Подяки|Спробувати знову|Файли|Немає|Порада|Попередження|Звук|Відео|У мережі|Поза мережею|Не сполучено|Налаштування
vi	Máy tính|Ứng dụng|Ngôn ngữ|Tự động (ngôn ngữ máy chơi game)|Bitrate|Bắt đầu|Dừng ứng dụng|Xóa|Thêm PC|Quay lại|Hủy|Cập nhật ngay|Phiên bản|Ghép đôi|Địa chỉ|Cổng|Sẵn sàng|Lời cảm ơn|Thử lại|Tệp|Không có|Mẹo|Cảnh báo|Âm thanh|Video|Trực tuyến|Ngoại tuyến|Chưa ghép đôi|Cài đặt
zh_CN	计算机|应用|语言|自动（主机语言）|码率|开始|停止应用|移除|添加电脑|返回|取消|立即更新|版本|配对|地址|端口|就绪|致谢|重试|文件|无|提示|警告|音频|视频|在线|离线|未配对|设置
zh_TW	電腦|應用程式|語言|自動（主機語言）|位元率|開始|停止應用程式|移除|新增電腦|返回|取消|立即更新|版本|配對|位址|連接埠|就緒|致謝|重試|檔案|無|提示|警告|音訊|視訊|線上|離線|尚未配對|設定
