# About|Games|Frame rate|Resolution|Chroma sampling|CPU cores|Decoder load|Diagnostics|Diagnostic logs|Menu sounds|Host session|Classic|Adaptive (experimental)|Unpaced|Paced|TV safe|Edge to edge|Picture size|Statistics|Keyboard|Mouse mode|Host Back|Host Guide|Leave stream|During a stream|This stream|High bitrate|Wired LAN|Packet loss|Stuttering|Unsupported|Save failed|Network|Preparing|Checking|Done|Updating|Search again|Pair|Unpair
bg	Относно|Игри|Кадрова честота|Резолюция|Цветова субдискретизация|CPU ядра|Натоварване на декодера|Диагностика|Диагностични журнали|Звуци на менюто|Сесия на хоста|Класически|Адаптивен (експериментален)|Без синхронизиране|Равномерно|Безопасна зона за ТВ|Цял екран|Размер на картината|Статистика|Клавиатура|Режим на мишката|Назад на хоста|Guide на хоста|Напускане на потока|По време на поток|Този поток|Висок битрейт|Кабелна LAN|Загуба на пакети|Насичане|Неподдържано|Неуспешно запазване|Мрежа|Подготовка|Проверка|Готово|Обновяване|Ново търсене|Сдвояване|Премахване на сдвояване
ckb	دەربارە|یارییەکان|ڕێژەی فریم|ڕوونی|نموونەبردنی ڕەنگ|ناوکەکانی CPU|باری دیکۆدەر|دەستنیشانکردن|تۆمارەکانی دەستنیشانکردن|دەنگەکانی مینو|دانیشتنی خانەخوێ|کلاسیکی|گونجاو (تاقیکردنەوە)|بێ ڕێکخستن|ڕێکخراو|ناوچەی پارێزراوی تەلەفزیۆن|هەموو شاشە|قەبارەی وێنە|ئامار|تەختەکلیل|دۆخی ماوس|گەڕانەوەی خانەخوێ|Guideی خانەخوێ|دەرچوون لە ڕەوت|لەکاتی ڕەوتدا|ئەم ڕەوتە|بیتڕەیتی بەرز|LANی وایەردار|ونبوونی پاکێت|پچڕان|پشتگیری ناکرێت|پاشەکەوتکردن سەرکەوتوو نەبوو|تۆڕ|ئامادەکردن|پشکنین|تەواو|نوێکردنەوە|گەڕانەوە|جووتکردن|هەڵوەشاندنەوەی جووتکردن
cs	O aplikaci|Hry|Snímková frekvence|Rozlišení|Podvzorkování barev|Jádra CPU|Zatížení dekodéru|Diagnostika|Diagnostické protokoly|Zvuky nabídky|Relace hostitele|Klasický|Adaptivní (experimentální)|Bez časování|Rovnoměrné|Bezpečná oblast TV|Celá obrazovka|Velikost obrazu|Statistiky|Klávesnice|Režim myši|Zpět na hostiteli|Guide na hostiteli|Ukončit stream|Během streamu|Tento stream|Vysoký datový tok|Kabelová LAN|Ztráta paketů|Trhání|Nepodporováno|Uložení selhalo|Síť|Příprava|Kontrola|Hotovo|Aktualizace|Hledat znovu|Spárovat|Zrušit párování
de	Über|Spiele|Bildrate|Auflösung|Farbunterabtastung|CPU-Kerne|Decoderlast|Diagnose|Diagnoseprotokolle|Menütöne|Host-Sitzung|Klassisch|Adaptiv (experimentell)|Ohne Taktung|Gleichmäßig|TV-Sicherheitsrand|Randlos|Bildgröße|Statistik|Tastatur|Mausmodus|Zurück am Host|Guide am Host|Stream verlassen|Während eines Streams|Dieser Stream|Hohe Bitrate|Kabelgebundenes LAN|Paketverlust|Ruckeln|Nicht unterstützt|Speichern fehlgeschlagen|Netzwerk|Vorbereitung|Prüfung|Fertig|Aktualisierung|Erneut suchen|Koppeln|Entkoppeln
el	Σχετικά|Παιχνίδια|Ρυθμός καρέ|Ανάλυση|Υποδειγματοληψία χρώματος|Πυρήνες CPU|Φόρτος αποκωδικοποιητή|Διαγνωστικά|Διαγνωστικά αρχεία|Ήχοι μενού|Συνεδρία κεντρικού υπολογιστή|Κλασικό|Προσαρμοστικό (πειραματικό)|Χωρίς χρονισμό|Ομοιόμορφο|Ασφαλής περιοχή TV|Πλήρης οθόνη|Μέγεθος εικόνας|Στατιστικά|Πληκτρολόγιο|Λειτουργία ποντικιού|Πίσω στον υπολογιστή|Guide στον υπολογιστή|Έξοδος από τη ροή|Κατά τη ροή|Αυτή η ροή|Υψηλό bitrate|Ενσύρματο LAN|Απώλεια πακέτων|Κολλήματα|Δεν υποστηρίζεται|Αποτυχία αποθήκευσης|Δίκτυο|Προετοιμασία|Έλεγχος|Έτοιμο|Ενημέρωση|Νέα αναζήτηση|Σύζευξη|Κατάργηση σύζευξης
eo	Pri|Ludoj|Bildfrekvenco|Distingivo|Kolora subspecimenado|CPU-kernoj|Ŝarĝo de malkodilo|Diagnozo|Diagnozaj protokoloj|Menuaj sonoj|Gastiga seanco|Klasika|Adapta (eksperimenta)|Sen tempigo|Egala tempigo|Sekura TV-rando|Tuta ekrano|Bildgrandeco|Statistikoj|Klavaro|Musa reĝimo|Reen ĉe gastiganto|Guide ĉe gastiganto|Forlasi elsendon|Dum elsendo|Ĉi tiu elsendo|Alta bitrapido|Drata LAN|Paketperdo|Balbutado|Nesubtenata|Konservado malsukcesis|Reto|Preparado|Kontrolado|Preta|Ĝisdatigado|Serĉi denove|Parigi|Malparigi
es	Acerca de|Juegos|Tasa de fotogramas|Resolución|Submuestreo de color|Núcleos de CPU|Carga del decodificador|Diagnóstico|Registros de diagnóstico|Sonidos del menú|Sesión del anfitrión|Clásico|Adaptativo (experimental)|Sin temporización|Uniforme|Margen seguro de TV|Pantalla completa|Tamaño de imagen|Estadísticas|Teclado|Modo ratón|Atrás en el anfitrión|Guide en el anfitrión|Salir de la transmisión|Durante la transmisión|Esta transmisión|Bitrate alto|LAN por cable|Pérdida de paquetes|Tirones|No compatible|Error al guardar|Red|Preparando|Comprobando|Listo|Actualizando|Buscar de nuevo|Emparejar|Desemparejar
et	Teave|Mängud|Kaadrisagedus|Eraldusvõime|Värvi alamdiskreetimine|CPU tuumad|Dekoodri koormus|Diagnostika|Diagnostikalogid|Menüühelid|Hosti seanss|Klassikaline|Kohanduv (katsetuslik)|Ajastuseta|Ühtlane|TV ohutusserv|Kogu ekraan|Pildi suurus|Statistika|Klaviatuur|Hiirerežiim|Tagasi hostis|Guide hostis|Lõpeta voog|Voo ajal|See voog|Suur bitikiirus|Juhtmega LAN|Paketikadu|Hakkimine|Toetamata|Salvestamine nurjus|Võrk|Ettevalmistus|Kontrollimine|Valmis|Uuendamine|Otsi uuesti|Seo|Eemalda seos
fr	À propos|Jeux|Fréquence d’images|Résolution|Sous-échantillonnage couleur|Cœurs CPU|Charge du décodeur|Diagnostic|Journaux de diagnostic|Sons du menu|Session de l’hôte|Classique|Adaptatif (expérimental)|Sans cadencement|Régulier|Marge de sécurité TV|Plein écran|Taille de l’image|Statistiques|Clavier|Mode souris|Retour sur l’hôte|Guide sur l’hôte|Quitter le flux|Pendant le flux|Ce flux|Débit élevé|LAN filaire|Perte de paquets|Saccades|Non pris en charge|Échec de l’enregistrement|Réseau|Préparation|Vérification|Prêt|Mise à jour|Rechercher à nouveau|Associer|Dissocier
he	אודות|משחקים|קצב פריימים|רזולוציה|דגימת צבע|ליבות CPU|עומס מפענח|אבחון|יומני אבחון|צלילי תפריט|הפעלת מארח|קלאסי|מסתגל (ניסיוני)|ללא תזמון|תזמון אחיד|שוליים בטוחים לטלוויזיה|מסך מלא|גודל תמונה|סטטיסטיקה|מקלדת|מצב עכבר|חזרה במארח|Guide במארח|יציאה מהשידור|במהלך השידור|שידור זה|קצב סיביות גבוה|LAN קווי|אובדן מנות|גמגום|לא נתמך|השמירה נכשלה|רשת|בהכנה|בדיקה|מוכן|עדכון|חיפוש מחדש|צימוד|ביטול צימוד
hi	परिचय|गेम|फ़्रेम दर|रिज़ॉल्यूशन|रंग सबसैंपलिंग|CPU कोर|डिकोडर लोड|निदान|निदान लॉग|मेनू ध्वनियाँ|होस्ट सत्र|क्लासिक|अनुकूली (प्रायोगिक)|बिना समयबद्धता|समान अंतराल|टीवी सुरक्षित किनारे|पूरी स्क्रीन|चित्र का आकार|आँकड़े|कीबोर्ड|माउस मोड|होस्ट पर वापस|होस्ट पर Guide|स्ट्रीम छोड़ें|स्ट्रीम के दौरान|यह स्ट्रीम|उच्च बिटरेट|वायर्ड LAN|पैकेट हानि|अटकना|असमर्थित|सहेजना विफल|नेटवर्क|तैयारी|जाँच|तैयार|अपडेट|फिर खोजें|पेयर करें|पेयरिंग हटाएँ
hu	Névjegy|Játékok|Képkockasebesség|Felbontás|Szín-alulmintavételezés|CPU-magok|Dekóderterhelés|Diagnosztika|Diagnosztikai naplók|Menühangok|Gazdagép-munkamenet|Klasszikus|Adaptív (kísérleti)|Ütemezés nélkül|Egyenletes|TV-biztonsági margó|Teljes képernyő|Képméret|Statisztika|Billentyűzet|Egérmód|Vissza a gazdagépen|Guide a gazdagépen|Közvetítés elhagyása|Közvetítés közben|Ez a közvetítés|Magas bitráta|Vezetékes LAN|Csomagvesztés|Akadozás|Nem támogatott|Sikertelen mentés|Hálózat|Előkészítés|Ellenőrzés|Kész|Frissítés|Keresés újra|Párosítás|Párosítás törlése
it	Informazioni|Giochi|Frequenza fotogrammi|Risoluzione|Sottocampionamento colore|Core CPU|Carico del decoder|Diagnostica|Registri diagnostici|Suoni del menu|Sessione host|Classico|Adattivo (sperimentale)|Senza temporizzazione|Uniforme|Margine sicuro TV|Schermo intero|Dimensione immagine|Statistiche|Tastiera|Modalità mouse|Indietro sull’host|Guide sull’host|Esci dallo streaming|Durante lo streaming|Questo streaming|Bitrate elevato|LAN cablata|Perdita di pacchetti|Scatti|Non supportato|Salvataggio non riuscito|Rete|Preparazione|Verifica|Pronto|Aggiornamento|Cerca di nuovo|Associa|Dissocia
ja	このアプリについて|ゲーム|フレームレート|解像度|色差サブサンプリング|CPUコア|デコーダー負荷|診断|診断ログ|メニュー音|ホストセッション|従来方式|適応方式（実験的）|ペーシングなし|均等なペーシング|テレビ用余白|画面全体|画像サイズ|統計|キーボード|マウスモード|ホストの戻る|ホストのGuide|配信を終了|配信中|この配信|高ビットレート|有線LAN|パケット損失|カクつき|非対応|保存に失敗|ネットワーク|準備中|確認中|完了|更新中|再検索|ペアリング|ペアリング解除
ko	정보|게임|프레임 속도|해상도|색차 서브샘플링|CPU 코어|디코더 부하|진단|진단 로그|메뉴 소리|호스트 세션|클래식|적응형 (실험적)|페이싱 없음|균일한 페이싱|TV 안전 여백|전체 화면|화면 크기|통계|키보드|마우스 모드|호스트 뒤로|호스트 Guide|스트리밍 종료|스트리밍 중|이 스트리밍|높은 비트레이트|유선 LAN|패킷 손실|끊김|지원되지 않음|저장 실패|네트워크|준비 중|확인 중|완료|업데이트 중|다시 검색|페어링|페어링 해제
lt	Apie|Žaidimai|Kadrų dažnis|Raiška|Spalvų atrankos mažinimas|CPU branduoliai|Dekoderio apkrova|Diagnostika|Diagnostikos žurnalai|Meniu garsai|Pagrindinio kompiuterio seansas|Klasikinis|Adaptyvus (eksperimentinis)|Be ritmo|Tolygus|TV saugi paraštė|Visas ekranas|Vaizdo dydis|Statistika|Klaviatūra|Pelės režimas|Atgal kompiuteryje|Guide kompiuteryje|Baigti srautą|Srauto metu|Šis srautas|Didelė bitų sparta|Laidinis LAN|Paketų praradimas|Trūkčiojimas|Nepalaikoma|Nepavyko išsaugoti|Tinklas|Ruošiama|Tikrinama|Paruošta|Atnaujinama|Ieškoti dar kartą|Susieti|Atsieti
nb_NO	Om|Spill|Bildefrekvens|Oppløsning|Fargeundersampling|CPU-kjerner|Dekoderbelastning|Diagnostikk|Diagnoselogger|Menylyder|Vertsøkten|Klassisk|Adaptiv (eksperimentell)|Uten takting|Jevn takting|TV-sikker marg|Hele skjermen|Bildestørrelse|Statistikk|Tastatur|Musemodus|Tilbake på verten|Guide på verten|Avslutt strømmen|Under strømming|Denne strømmen|Høy bitrate|Kablet LAN|Pakketap|Hakking|Ikke støttet|Lagring mislyktes|Nettverk|Forbereder|Kontrollerer|Klar|Oppdaterer|Søk igjen|Par|Opphev paring
nl	Over|Games|Framesnelheid|Resolutie|Kleurondersampling|CPU-kernen|Decoderbelasting|Diagnostiek|Diagnoselogboeken|Menugeluiden|Hostsessie|Klassiek|Adaptief (experimenteel)|Zonder timing|Gelijkmatig|Veilige TV-marge|Volledig scherm|Beeldgrootte|Statistieken|Toetsenbord|Muismodus|Terug op host|Guide op host|Stream verlaten|Tijdens streamen|Deze stream|Hoge bitrate|Bekabeld LAN|Pakketverlies|Haperingen|Niet ondersteund|Opslaan mislukt|Netwerk|Voorbereiden|Controleren|Gereed|Bijwerken|Opnieuw zoeken|Koppelen|Ontkoppelen
pl	Informacje|Gry|Liczba klatek|Rozdzielczość|Podpróbkowanie koloru|Rdzenie CPU|Obciążenie dekodera|Diagnostyka|Dzienniki diagnostyczne|Dźwięki menu|Sesja hosta|Klasyczny|Adaptacyjny (eksperymentalny)|Bez rytmu|Równomierny|Bezpieczny margines TV|Cały ekran|Rozmiar obrazu|Statystyki|Klawiatura|Tryb myszy|Wstecz na hoście|Guide na hoście|Zakończ transmisję|Podczas transmisji|Ta transmisja|Wysoki bitrate|Przewodowa sieć LAN|Utrata pakietów|Przycinanie|Nieobsługiwane|Zapis nie powiódł się|Sieć|Przygotowanie|Sprawdzanie|Gotowe|Aktualizacja|Szukaj ponownie|Sparuj|Usuń parowanie
pt	Sobre|Jogos|Taxa de fotogramas|Resolução|Subamostragem de cor|Núcleos CPU|Carga do descodificador|Diagnóstico|Registos de diagnóstico|Sons do menu|Sessão do anfitrião|Clássico|Adaptativo (experimental)|Sem temporização|Uniforme|Margem segura da TV|Ecrã inteiro|Tamanho da imagem|Estatísticas|Teclado|Modo de rato|Voltar no anfitrião|Guide no anfitrião|Sair da transmissão|Durante a transmissão|Esta transmissão|Bitrate elevado|LAN por cabo|Perda de pacotes|Soluços|Não suportado|Falha ao guardar|Rede|A preparar|A verificar|Pronto|A atualizar|Pesquisar novamente|Emparelhar|Desemparelhar
pt_BR	Sobre|Jogos|Taxa de quadros|Resolução|Subamostragem de cor|Núcleos CPU|Carga do decodificador|Diagnóstico|Logs de diagnóstico|Sons do menu|Sessão do host|Clássico|Adaptativo (experimental)|Sem temporização|Uniforme|Margem segura da TV|Tela inteira|Tamanho da imagem|Estatísticas|Teclado|Modo de mouse|Voltar no host|Guide no host|Sair da transmissão|Durante a transmissão|Esta transmissão|Bitrate alto|LAN com fio|Perda de pacotes|Engasgos|Não suportado|Falha ao salvar|Rede|Preparando|Verificando|Pronto|Atualizando|Buscar novamente|Parear|Desparear
sv	Om|Spel|Bildfrekvens|Upplösning|Färgundersampling|CPU-kärnor|Dekoderbelastning|Diagnostik|Diagnostikloggar|Menyljud|Värdsession|Klassisk|Adaptiv (experimentell)|Utan taktning|Jämn taktning|TV-säker marginal|Hela skärmen|Bildstorlek|Statistik|Tangentbord|Musläge|Tillbaka på värden|Guide på värden|Lämna strömmen|Under strömning|Denna ström|Hög bithastighet|Trådbundet LAN|Paketförlust|Hackningar|Stöds inte|Det gick inte att spara|Nätverk|Förbereder|Kontrollerar|Klart|Uppdaterar|Sök igen|Parkoppla|Ta bort parkoppling
ta	அறிமுகம்|விளையாட்டுகள்|பிரேம் வீதம்|தெளிவுத்திறன்|வண்ண துணை மாதிரியாக்கம்|CPU மையங்கள்|டிகோடர் சுமை|கண்டறிதல்|கண்டறிதல் பதிவுகள்|பட்டி ஒலிகள்|ஹோஸ்ட் அமர்வு|வழக்கமானது|தகவமைப்பு (சோதனை)|நேர ஒழுங்கின்றி|சீரான நேர ஒழுங்கு|டிவி பாதுகாப்பு ஓரம்|முழுத் திரை|பட அளவு|புள்ளிவிவரங்கள்|விசைப்பலகை|சுட்டி முறை|ஹோஸ்டில் பின்|ஹோஸ்டில் Guide|ஸ்ட்ரீமை விட்டு வெளியேறு|ஸ்ட்ரீமின் போது|இந்த ஸ்ட்ரீம்|உயர் பிட்ரேட்|கம்பி LAN|பாக்கெட் இழப்பு|தடுமாற்றம்|ஆதரிக்கப்படவில்லை|சேமிப்பு தோல்வி|பிணையம்|தயாராகிறது|சரிபார்க்கிறது|தயார்|புதுப்பிக்கிறது|மீண்டும் தேடு|இணை|இணைப்பை நீக்கு
th	เกี่ยวกับ|เกม|อัตราเฟรม|ความละเอียด|การลดตัวอย่างสี|คอร์ CPU|ภาระตัวถอดรหัส|การวินิจฉัย|บันทึกการวินิจฉัย|เสียงเมนู|เซสชันโฮสต์|แบบดั้งเดิม|แบบปรับตัว (ทดลอง)|ไม่จัดจังหวะ|จัดจังหวะสม่ำเสมอ|ขอบปลอดภัยสำหรับทีวี|เต็มหน้าจอ|ขนาดภาพ|สถิติ|แป้นพิมพ์|โหมดเมาส์|ย้อนกลับบนโฮสต์|Guide บนโฮสต์|ออกจากสตรีม|ระหว่างสตรีม|สตรีมนี้|บิตเรตสูง|LAN แบบสาย|แพ็กเก็ตสูญหาย|กระตุก|ไม่รองรับ|บันทึกไม่สำเร็จ|เครือข่าย|กำลังเตรียม|กำลังตรวจสอบ|พร้อม|กำลังอัปเดต|ค้นหาอีกครั้ง|จับคู่|ยกเลิกการจับคู่
tr	Hakkında|Oyunlar|Kare hızı|Çözünürlük|Renk alt örnekleme|CPU çekirdekleri|Kod çözücü yükü|Tanılama|Tanılama günlükleri|Menü sesleri|Ana bilgisayar oturumu|Klasik|Uyarlamalı (deneysel)|Zamanlamasız|Düzenli|TV güvenli kenarlığı|Tam ekran|Görüntü boyutu|İstatistikler|Klavye|Fare modu|Ana bilgisayarda Geri|Ana bilgisayarda Guide|Yayından çık|Yayın sırasında|Bu yayın|Yüksek bit hızı|Kablolu LAN|Paket kaybı|Takılma|Desteklenmiyor|Kaydetme başarısız|Ağ|Hazırlanıyor|Denetleniyor|Hazır|Güncelleniyor|Yeniden ara|Eşleştir|Eşleştirmeyi kaldır
uk	Про програму|Ігри|Частота кадрів|Роздільність|Субдискретизація кольору|Ядра CPU|Навантаження декодера|Діагностика|Діагностичні журнали|Звуки меню|Сеанс хоста|Класичний|Адаптивний (експериментальний)|Без вирівнювання|Рівномірно|Безпечні поля ТВ|Увесь екран|Розмір зображення|Статистика|Клавіатура|Режим миші|Назад на хості|Guide на хості|Вийти з трансляції|Під час трансляції|Ця трансляція|Високий бітрейт|Дротова LAN|Втрата пакетів|Ривки|Не підтримується|Не вдалося зберегти|Мережа|Підготовка|Перевірка|Готово|Оновлення|Шукати знову|Сполучити|Скасувати сполучення
vi	Giới thiệu|Trò chơi|Tốc độ khung hình|Độ phân giải|Lấy mẫu phụ màu|Nhân CPU|Tải bộ giải mã|Chẩn đoán|Nhật ký chẩn đoán|Âm thanh menu|Phiên máy chủ|Cổ điển|Thích ứng (thử nghiệm)|Không căn nhịp|Nhịp đều|Lề an toàn TV|Toàn màn hình|Kích thước hình ảnh|Thống kê|Bàn phím|Chế độ chuột|Quay lại trên máy chủ|Guide trên máy chủ|Thoát luồng|Trong khi truyền|Luồng này|Bitrate cao|LAN có dây|Mất gói tin|Giật hình|Không hỗ trợ|Lưu thất bại|Mạng|Đang chuẩn bị|Đang kiểm tra|Sẵn sàng|Đang cập nhật|Tìm lại|Ghép đôi|Hủy ghép đôi
zh_CN	关于|游戏|帧率|分辨率|色度采样|CPU 核心|解码器负载|诊断|诊断日志|菜单音效|主机会话|经典|自适应（实验性）|不均衡帧时间|均衡帧时间|电视安全边距|全屏|画面大小|统计|键盘|鼠标模式|主机返回键|主机 Guide 键|退出串流|串流期间|本次串流|高码率|有线局域网|丢包|卡顿|不支持|保存失败|网络|准备中|检查中|完成|更新中|重新搜索|配对|取消配对
zh_TW	關於|遊戲|幀率|解析度|色度取樣|CPU 核心|解碼器負載|診斷|診斷日誌|選單音效|主機工作階段|傳統|自適應（實驗性）|不均衡幀時間|均衡幀時間|電視安全邊距|全螢幕|畫面大小|統計|鍵盤|滑鼠模式|主機返回鍵|主機 Guide 鍵|退出串流|串流期間|本次串流|高位元率|有線區域網路|封包遺失|卡頓|不支援|儲存失敗|網路|準備中|檢查中|完成|更新中|重新搜尋|配對|取消配對
